iter,weight,Condtions: syringe: 1mlneedle: n096_liq_contact liquidtoAbsorb: 0.05airVolume: 0.1
0,0.047
1,0.05
2,0.048
3,0.047
4,0.05
5,0.046
6,0.049
7,0.048
8,0.048
9,0.048
10,0.05
11,0.049
12,0.048
13,0.048
14,0.049
15,0.048
16,0.048
17,0.05
18,0.049
19,0.047
20,0.049
21,0.047
22,0.048
23,0.048
24,0.049
25,0.049
26,0.048
27,0.048
28,0.049
29,0.048
average: ,0.048333333333333339
std: ,0.00097752521990767966
