iter,weight,Condtions: syringe: 1mlneedle: n096_liq_contact liquidtoAbsorb: 0.01airVolume: 0.1
0,0.007
1,0.013
2,0.01
3,0.011
4,0.008
5,0.009
6,0.01
7,0.009
8,0.01
9,0.01
10,0.009
11,0.01
12,0.011
13,0.01
14,0.01
15,0.013
16,0.007
17,0.011
18,0.009
19,0.011
20,0.009
21,0.01
22,0.012
23,0.01
24,0.009
25,0.007
26,0.01
27,0.009
28,0.01
29,0.009
average: ,0.0097666666666666683
std: ,0.0014533486237727762
