iter,weight,Condtions: syringe: 1mlneedle: n170_liq_contact liquidtoAbsorb: 0.05airVolume: 0.1
0,0.051
1,0.049
2,0.05
3,0.051
4,0.049
5,0.051
6,0.05
7,0.05
8,0.05
9,0.05
10,0.05
11,0.05
12,0.049
13,0.051
14,0.049
15,0.051
16,0.049
17,0.05
18,0.05
19,0.049
20,0.05
21,0.05
22,0.05
23,0.05
24,0.05
25,0.049
26,0.05
27,0.05
28,0.05
29,0.049
average: ,0.049900000000000014
std: ,0.00065064070986476979
