iter,weight,Condtions: syringe: 1mlneedle: n170_liq_contact liquidtoAbsorb: 0.5airVolume: 0.1
0,0.503
1,0.503
2,0.504
3,0.504
4,0.503
5,0.503
6,0.503
7,0.503
8,0.502
9,0.503
10,0.504
11,0.5
12,0.505
13,0.502
14,0.503
15,0.503
16,0.502
17,0.502
18,0.502
19,0.504
20,0.502
21,0.503
22,0.503
23,0.502
24,0.502
25,0.504
26,0.502
27,0.501
28,0.502
29,0.503
average: ,0.50273333333333337
std: ,0.00099777530313971863
