iter,weight,Condtions: syringe: 1mlneedle: n170_liq_contact liquidtoAbsorb: 0.2airVolume: 0.1
0,0.199
1,0.202
2,0.199
3,0.201
4,0.2
5,0.199
6,0.201
7,0.199
8,0.2
9,0.2
10,0.2
11,0.201
12,0.199
13,0.2
14,0.201
15,0.199
16,0.199
17,0.199
18,0.2
19,0.201
20,0.199
21,0.2
22,0.199
23,0.2
24,0.2
25,0.2
26,0.198
27,0.201
28,0.199
29,0.199
average: ,0.19980000000000001
std: ,0.00090921211313239132
