iter,weight,Condtions: syringe: 1mlneedle: n170_liq_contact liquidtoAbsorb: 0.1airVolume: 0.1
0,0.096
1,0.1
2,0.099
3,0.099
4,0.099
5,0.098
6,0.099
7,0.099
8,0.099
9,0.098
10,0.1
11,0.099
12,0.099
13,0.1
14,0.098
15,0.098
16,0.101
17,0.098
18,0.099
19,0.099
20,0.099
21,0.099
22,0.099
23,0.099
24,0.099
25,0.099
26,0.099
27,0.099
28,0.099
29,0.099
average: ,0.098900000000000043
std: ,0.00083066238629180813
