iter,weight,Condtions: syringe: 1mlneedle: n096_liq_contact liquidtoAbsorb: 0.5airVolume: 0.1
0,0.502
1,0.503
2,0.502
3,0.503
4,0.503
5,0.501
6,0.504
7,0.503
8,0.502
9,0.504
10,0.501
11,0.504
12,0.502
13,0.504
14,0.502
15,0.503
16,0.504
17,0.501
18,0.505
19,0.503
20,0.503
21,0.501
22,0.503
23,0.503
24,0.503
25,0.502
26,0.503
27,0.503
28,0.502
29,0.503
average: ,0.50273333333333337
std: ,0.00099777530313971863
