iter,weight,Condtions: syringe: 1mlneedle: n096_liq_contact liquidtoAbsorb: 0.1airVolume: 0.1
0,0.098
1,0.097
2,0.095
3,0.094
4,0.095
5,0.096
6,0.097
7,0.099
8,0.098
9,0.095
10,0.101
11,0.098
12,0.098
13,0.097
14,0.099
15,0.099
16,0.097
17,0.097
18,0.098
19,0.098
20,0.098
21,0.097
22,0.099
23,0.097
24,0.099
25,0.096
26,0.099
27,0.097
28,0.098
29,0.095
average: ,0.097366666666666699
std: ,0.0015380362660079114
