iter,weight,Condtions: syringe: 1mlneedle: n096_liq_contact liquidtoAbsorb: 0.2airVolume: 0.1
0,0.192
1,0.197
2,0.196
3,0.195
4,0.195
5,0.196
6,0.197
7,0.2
8,0.198
9,0.198
10,0.196
11,0.2
12,0.199
13,0.198
14,0.197
15,0.199
16,0.199
17,0.198
18,0.199
19,0.199
20,0.197
21,0.196
22,0.199
23,0.199
24,0.197
25,0.199
26,0.195
27,0.199
28,0.194
29,0.198
average: ,0.19736666666666666
std: ,0.0018705317128797617
