iter,weight,Condtions: syringe: 20mlneedle: n170_liq_contact liquidtoAbsorb: 5airVolume: 1.0
0,5.028
1,5.007
2,5.005
3,5.025
4,5.014
5,5.014
6,5.012
7,5.021
8,5.016
9,5.012
10,5.006
11,5.017
12,5.022
13,5.01
14,5.014
15,5.019
16,5.025
17,5.023
18,5.007
19,5.024
20,5.02
21,5.021
22,5.017
23,5.016
24,5.031
25,5.027
26,5.014
27,5.02
28,5.031
29,5.034
average: ,5.0184000000000006
std: ,0.0076096430052050726
