iter,weight,Condtions: syringe: 20mlneedle: n170_liq_contact liquidtoAbsorb: 2airVolume: 1.0
0,2.007
1,2.012
2,2.009
3,2.004
4,2.008
5,2.005
6,1.993
7,2.012
8,2.005
9,2.006
10,2.006
11,2.005
12,2.005
13,2.004
14,2.004
15,2.013
16,2.005
17,2.004
18,1.997
19,2.019
20,2.001
21,2.013
22,2.005
23,2.007
24,2.009
25,2.008
26,2.005
27,2.006
28,2.009
29,2.008
average: ,2.0064666666666668
std: ,0.0047309853331227074
