iter,weight,Condtions: syringe: 20mlneedle: n170_liq_contact liquidtoAbsorb: 10airVolume: 1.0
0,10.045
1,10.041
2,10.042
3,10.043
4,10.04
5,10.042
6,10.042
7,10.04
8,10.036
9,10.042
10,10.037
11,10.041
12,10.043
13,10.038
14,10.038
15,10.043
16,10.037
17,10.042
18,10.035
19,10.043
20,10.036
21,10.043
22,10.043
23,10.037
24,10.039
25,10.041
26,10.038
27,10.035
28,10.041
29,10.047
average: ,10.040333333333335
std: ,0.0030037014202848426
