iter,weight,Condtions: syringe: 20mlneedle: n170_liq_contact liquidtoAbsorb: 1airVolume: 1.0
0,1.006
1,1.007
2,1.01
3,0.986
4,0.999
5,1.001
6,1.004
7,0.99
8,1.0
9,1.0
10,0.997
11,0.993
12,0.994
13,1.005
14,0.998
15,0.987
16,0.987
17,1.006
18,0.994
19,1.0
20,0.992
21,0.996
22,1.005
23,0.986
24,0.988
25,1.009
26,0.998
27,1.004
28,0.991
29,0.991
average: ,0.99746666666666672
std: ,0.007182076456166561
