iter,weight,Condtions: syringe: 1mlneedle: n170 liquidtoAbsorb: 0.1airVolume: 0.1
0,0.101
1,0.099
2,0.098
3,0.081
4,0.097
5,0.098
6,0.097
7,0.098
8,0.097
9,0.098
10,0.099
11,0.096
12,0.097
13,0.099
14,0.097
15,0.097
16,0.098
17,0.097
18,0.098
19,0.098
20,0.097
21,0.098
22,0.098
23,0.097
24,0.098
25,0.097
26,0.098
27,0.098
28,0.098
29,0.098
average: ,0.097233333333333311
std: ,0.0031483681840315668
