iter,weight,Condtions: syringe: 1mlneedle: tip liquidtoAbsorb: 0.02airVolume: 0.1
0,0.021
1,0.007
2,0.024
3,0.02
4,0.017
5,0.019
6,0.02
7,0.011
8,0.016
9,0.017
10,0.022
11,0.019
12,0.014
13,0.017
14,0.016
15,0.019
16,0.018
17,0.017
18,0.019
19,0.015
20,0.017
21,0.012
22,0.025
23,0.019
24,0.017
25,0.015
26,0.019
27,0.017
28,0.019
29,0.019
average: ,0.017566666666666671
std: ,0.0035372619668639503
