iter,weight,Condtions: syringe: 1mlneedle: n170 liquidtoAbsorb: 0.01airVolume: 0.1
0,0.01
1,0.0
2,0.0
3,0.0
4,0.011
5,0.01
6,0.011
7,0.01
8,0.009
9,0.01
10,0.011
11,0.01
12,0.011
13,0.01
14,0.01
15,0.01
16,0.009
17,0.012
18,0.009
19,0.011
20,0.009
21,0.011
22,0.01
23,0.01
24,0.0
25,-0.002
26,0.0
27,0.01
28,0.008
29,0.01
average: ,0.0080000000000000002
std: ,0.0042504901678120212
