iter,weight,Condtions: syringe: 1mlneedle: tip liquidtoAbsorb: 0.1airVolume: 0.05
0,0.095
1,0.095
2,0.095
3,0.095
4,0.093
5,0.096
6,0.095
7,0.095
8,0.096
9,0.097
10,0.094
11,0.096
12,0.094
13,0.097
14,0.095
15,0.094
16,0.095
17,0.095
18,0.095
19,0.097
20,0.095
21,0.095
22,0.095
23,0.095
24,0.097
25,0.094
26,0.096
27,0.095
28,0.094
29,0.097
average: ,0.095233333333333337
std: ,0.0010225241100118654
