iter,weight,Condtions: syringe: 1mlneedle: n096 liquidtoAbsorb: 0.1airVolume: 0.1
0,0.099
1,0.097
2,0.099
3,0.098
4,0.097
5,0.099
6,0.099
7,0.097
8,0.098
9,0.098
10,0.098
11,0.098
12,0.098
13,0.097
14,0.099
15,0.098
16,0.098
17,0.098
18,0.098
19,0.099
20,0.097
21,0.098
22,0.099
23,0.098
24,0.097
25,0.097
26,0.099
27,0.098
28,0.098
29,0.098
average: ,0.098033333333333333
std: ,0.0007063206700139036
