iter,weight,Condtions: syringe: 20mlneedle: n170 liquidtoAbsorb: 5airVolume: 2.0
0,5.04
1,5.026
2,5.034
3,5.032
4,5.025
5,5.027
6,5.026
7,5.035
8,5.023
9,5.024
10,5.031
11,5.039
12,5.023
13,5.03
14,5.028
15,5.024
16,5.025
17,5.026
18,5.031
19,5.03
20,5.018
21,5.035
22,5.028
23,5.026
24,5.02
25,5.035
26,5.027
27,5.027
28,5.028
29,5.027
average: ,5.0283333333333324
std: ,0.0050684207489995652
