iter,weight,Condtions: syringe: 20mlneedle: n170 liquidtoAbsorb: 10airVolume: 2.0
0,10.038
1,10.034
2,10.032
3,10.032
4,10.038
5,10.031
6,10.039
7,10.018
8,10.038
9,10.042
10,10.026
11,10.03
12,10.038
13,10.028
14,10.031
15,10.031
16,10.036
17,10.025
18,10.033
19,10.029
20,10.035
21,10.023
22,10.032
23,10.022
24,10.036
25,10.023
26,10.036
27,10.027
28,10.035
29,10.031
average: ,10.031633333333335
std: ,0.0056597016018710526
