iter,weight,Condtions: syringe: 20mlneedle: n170 liquidtoAbsorb: 2airVolume: 2.0
0,1.996,
1,1.999,
2,2,
3,1.999,
4,1.996,
5,2.006,
6,1.991,
7,2.013,
8,1.996,
9,2.005,
10,2.004,
11,2.004,
12,1.997,
13,2.001,
14,2.002,
15,2.001,
16,2.003,
17,2.004,
18,2,
19,1.997,
20,2.005,
21,2.006,
22,2.003,
23,2.006,
24,2.001,
25,1.999,
26,2,
27,1.997,
28,2.013,
29,1.997,
average: ,2.001366667,
std: ,0.004845783,
