iter,weight,Condtions: syringe: 20mlneedle: n170 liquidtoAbsorb: 1airVolume: 2.0
0,1.012
1,1.007
2,0.997
3,1.003
4,0.998
5,0.996
6,1.002
7,0.996
8,0.998
9,1.0
10,0.993
11,1.0
12,1.001
13,1.0
14,0.995
15,1.002
16,1.0
17,1.001
18,1.0
19,1.002
20,1.0
21,1.002
22,1.0
23,0.999
24,1.001
25,1.001
26,1.001
27,1.001
28,0.994
29,1.004
average: ,1.0002000000000002
std: ,0.0036460023770334064
