iter,weight,Condtions: syringe: 5mlneedle: n096 liquidtoAbsorb: 0.1airVolume: 0.3
0,0.097
1,0.098
2,0.099
3,0.1
4,0.099
5,0.097
6,0.098
7,0.099
8,0.099
9,0.099
10,0.1
11,0.1
12,0.099
13,0.099
14,0.099
15,0.1
16,0.101
17,0.1
18,0.099
19,0.1
20,0.1
21,0.1
22,0.1
23,0.101
24,0.102
25,0.1
26,0.099
27,0.1
28,0.1
29,0.099
average: ,0.09943333333333336
std: ,0.0010546194679704247
