iter,weight,Condtions: syringe: 5mlneedle: n170 liquidtoAbsorb: 0.05airVolume: 0.3
0,0.051
1,0.05
2,0.045
3,0.049
4,0.048
5,0.049
6,0.051
7,0.048
8,0.049
9,0.053
10,0.048
11,0.051
12,0.045
13,0.048
14,0.043
15,0.048
16,0.047
17,0.048
18,0.046
19,0.047
20,0.048
21,0.046
22,0.042
23,0.045
24,0.048
25,0.046
26,0.048
27,0.043
28,0.044
29,0.048
average: ,0.047400000000000005
std: ,0.0025245461638348657
