iter,weight,Condtions: syringe: 5mlneedle: n096 liquidtoAbsorb: 0.05airVolume: 0.3
0,0.042
1,0.049
2,0.047
3,0.047
4,0.042
5,0.047
6,0.046
7,0.047
8,0.045
9,0.047
10,0.045
11,0.045
12,0.041
13,0.046
14,0.045
15,0.046
16,0.043
17,0.047
18,0.046
19,0.045
20,0.043
21,0.046
22,0.045
23,0.043
24,0.045
25,0.044
26,0.046
27,0.043
28,0.045
29,0.044
average: ,0.045066666666666665
std: ,0.0018061622912192092
