iter,weight,Condtions: syringe: 5mlneedle: n096 liquidtoAbsorb: 2.5airVolume: 0.3
0,2.506
1,2.509
2,2.512
3,2.514
4,2.506
5,2.504
6,2.518
7,2.494
8,2.507
9,2.504
10,2.506
11,2.512
12,2.496
13,2.509
14,2.511
15,2.501
16,2.507
17,2.498
18,2.509
19,2.503
20,2.455
21,2.498
22,2.511
23,2.499
24,2.507
25,2.507
26,2.503
27,2.497
28,2.502
29,2.504
average: ,2.5036333333333332
std: ,0.010593971031781304
