iter,weight,Condtions: syringe: 5mlneedle: n170 liquidtoAbsorb: 0.1airVolume: 0.3
0,0.108
1,0.1
2,0.096
3,0.099
4,0.1
5,0.099
6,0.097
7,0.102
8,0.1
9,0.097
10,0.098
11,0.098
12,0.097
13,0.097
14,0.098
15,0.098
16,0.097
17,0.097
18,0.1
19,0.102
20,0.101
21,0.1
22,0.098
23,0.099
24,0.098
25,0.098
26,0.097
27,0.099
28,0.1
29,0.098
average: ,0.098933333333333331
std: ,0.0022647050335284024
