iter,weight,Condtions: syringe: 5mlneedle: n096 liquidtoAbsorb: 0.5airVolume: 0.3
0,0.508
1,0.501
2,0.512
3,0.502
4,0.5
5,0.505
6,0.504
7,0.497
8,0.512
9,0.503
10,0.504
11,0.505
12,0.506
13,0.505
14,0.505
15,0.505
16,0.507
17,0.506
18,0.507
19,0.506
20,0.507
21,0.512
22,0.503
23,0.501
24,0.514
25,0.508
26,0.51
27,0.51
28,0.509
29,0.509
average: ,0.50609999999999999
std: ,0.0038587562763149506
