iter,weight,Condtions: syringe: 1mlneedle: n170_liq_contact liquidtoAbsorb: 48airVolume: 4
0,15.266
1,15.257
2,15.266
3,15.255
4,15.264
average: ,15.261600000000001
std: ,0.0046733285782189502
